"Qty";"Value";"Device";"Package";"Parts";"Description";"AVAILABILITY";"DESCRIPTION";"MF";"MP";"MPN";"OC_FARNELL";"OC_NEWARK";"PACKAGE";"POPULARITY";"PRICE";
"1";"1000uF";"CAPPTH1";"CAP-PTH-5MM";"C8";"Capacitor";"";"";"";"";"";"";"";"";"";"";
"1";"100nF";"CAPPTH1";"CAP-PTH-5MM";"C6";"Capacitor";"";"";"";"";"";"";"";"";"";"";
"2";"100uF";"CAPPTH1";"CAP-PTH-5MM";"C5, C9";"Capacitor";"";"";"";"";"";"";"";"";"";"";
"4";"10k";"RESISTORAXIAL-0.3";"AXIAL-0.3";"R10, R11, R12, R13";"Resistor";"";"";"";"";"";"";"";"";"";"";
"1";"10uF";"CAPPTH1";"CAP-PTH-5MM";"C11";"Capacitor";"";"";"";"";"";"";"";"";"";"";
"1";"2A";"FUSE_MINIBLADE";"MINI-BLADE_FUSE_HOLDER";"F1";"Fuse/Fuseclips";"";"";"";"";"";"";"";"";"";"";
"4";"BIG_PUSHBUTTON";"BIG_PUSHBUTTON";"BIG_PUSHBUTTON";"LIVE, PLAY, RECORD, RESET";"Big momentary pushbutton. Drawing & info.";"";"";"";"";"";"";"";"";"";"";
"2";"CONNECTOR-2";"CONNECTOR-2";"MINIFIT_5566-2";"MAIN_POWER, SPEAKER";"Mini-Fit Junior connector 2 pole";"";"";"";"";"";"1822072";"unknown";"";"";"";
"2";"CONNECTOR-4";"CONNECTOR-4";"MINIFIT_5566-4";"MOTOR1, MOTOR2";"Mini-Fit Junior connector 4 pole";"";"";"";"";"";"unknown";"unknown";"";"";"";
"1";"LM386N-1";"LM386N-1";"DIL08";"IC1";"Low Voltage Audio Power Amplifier";"";"";"";"";"";"";"";"";"0";"";
"1";"M02";"M02";"1X02";"AUDIO";"Standard 2-pin 0.1" header.";"";"";"";"";"";"";"";"";"";"";
"1";"M04";"M04";"1X04";"POWER";"Standard 4-pin 0.1" header.";"";"";"";"";"";"";"";"";"";"";
"1";"M05";"M05";"1X05";"CONTROLS";"Standard 5-pin 0.1" header.";"";"";"";"";"";"";"";"";"";"";
"2";"M08";"M08";"1X08";"MOTOR_CONTROL, SEQUENCER_IO";"Standard 8-pin 0.1" header.";"";"";"";"";"";"";"";"";"";"";
"2";"P0915N-QC20BR5K";"P0915N-QC20BR5K";"TRIM_P0915N-QC20BR5K";"BPM_CONTROL, VOLUME";"P09X Series 9 mm Side Adjustment 5 kOhm ±20 % Rotary Potentiometer";"Unavailable";" 5k Ohm 1 Gang Linear Panel Mount Potentiometer None 1 Kierros Conductive Plastic 0.05W, 1/20W PC Pins, Board Locks ";"TT Electronics/BI";"P0915N-QC20BR5K";"";"";"";"None";"";"None";
"8";"SLIDE_POT";"SLIDE_POT";"SLIDE_POT";"SLIDER_1, SLIDER_2, SLIDER_3, SLIDER_4, SLIDER_5, SLIDER_6, SLIDER_7, SLIDER_8";"";"";"";"";"";"";"";"";"";"";"";
"2";"TB6612_BREAKOUT";"TB6612_BREAKOUT";"TB6612_BREAKOUT";"MOTOR_CONTOLLER_1, MOTOR_CONTROLLER_2";"Adafruit TB6612 stepper motor controller breakout board. Info and datasheets.";"";"";"";"";"";"";"";"";"";"";
